{
  "docs_exact": 30,
  "docs_total": 39,
  "by_tolerance": {
    "0": {
      "TP": 32,
      "FP": 7,
      "FN": 3,
      "precision": 0.8205128205128205,
      "recall": 0.9142857142857143,
      "f1": 0.8648648648648648,
      "per_file": [
        {
          "file": "Image_00112022025163444215.pdf",
          "pred": [
            3,
            4,
            5,
            6,
            7,
            8,
            9,
            10,
            12,
            13,
            15,
            22,
            23,
            24,
            25,
            26,
            31,
            32,
            34,
            35,
            37
          ],
          "true": [
            3,
            4,
            5,
            7,
            8,
            9,
            10,
            12,
            13,
            15,
            22,
            23,
            24,
            25,
            26,
            32,
            34
          ],
          "fp": [
            6,
            31,
            35,
            37
          ],
          "fn": []
        },
        {
          "file": "Image_00112022025164505881.pdf",
          "pred": [
            2,
            3,
            4,
            5,
            9,
            13,
            14,
            15
          ],
          "true": [
            2,
            3,
            4,
            5,
            12,
            14,
            15
          ],
          "fp": [
            9,
            13
          ],
          "fn": [
            12
          ]
        },
        {
          "file": "Image_00112022025165204533.pdf",
          "pred": [
            2,
            5,
            6
          ],
          "true": [
            2,
            3,
            4,
            5,
            6
          ],
          "fp": [],
          "fn": [
            3,
            4
          ]
        },
        {
          "file": "Image_00112032025082511233.pdf",
          "pred": [
            2,
            3,
            4,
            7,
            10,
            19,
            20
          ],
          "true": [
            2,
            3,
            4,
            7,
            10,
            20
          ],
          "fp": [
            19
          ],
          "fn": []
        }
      ]
    },
    "1": {
      "TP": 33,
      "FP": 6,
      "FN": 2,
      "precision": 0.8461538461538461,
      "recall": 0.9428571428571428,
      "f1": 0.8918918918918919,
      "per_file": [
        {
          "file": "Image_00112022025163444215.pdf",
          "pred": [
            3,
            4,
            5,
            6,
            7,
            8,
            9,
            10,
            12,
            13,
            15,
            22,
            23,
            24,
            25,
            26,
            31,
            32,
            34,
            35,
            37
          ],
          "true": [
            3,
            4,
            5,
            7,
            8,
            9,
            10,
            12,
            13,
            15,
            22,
            23,
            24,
            25,
            26,
            32,
            34
          ],
          "fp": [
            6,
            31,
            35,
            37
          ],
          "fn": []
        },
        {
          "file": "Image_00112022025164505881.pdf",
          "pred": [
            2,
            3,
            4,
            5,
            9,
            13,
            14,
            15
          ],
          "true": [
            2,
            3,
            4,
            5,
            12,
            14,
            15
          ],
          "fp": [
            9
          ],
          "fn": []
        },
        {
          "file": "Image_00112022025165204533.pdf",
          "pred": [
            2,
            5,
            6
          ],
          "true": [
            2,
            3,
            4,
            5,
            6
          ],
          "fp": [],
          "fn": [
            3,
            6
          ]
        },
        {
          "file": "Image_00112032025082511233.pdf",
          "pred": [
            2,
            3,
            4,
            7,
            10,
            19,
            20
          ],
          "true": [
            2,
            3,
            4,
            7,
            10,
            20
          ],
          "fp": [
            19
          ],
          "fn": []
        }
      ]
    }
  }
}