{
  "docs_exact": 31,
  "docs_total": 39,
  "by_tolerance": {
    "0": {
      "TP": 31,
      "FP": 3,
      "FN": 4,
      "precision": 0.9117647058823529,
      "recall": 0.8857142857142857,
      "f1": 0.8985507246376812,
      "per_file": [
        {
          "file": "Image_00112022025163444215.pdf",
          "pred": [
            3,
            4,
            5,
            6,
            7,
            8,
            9,
            10,
            12,
            13,
            15,
            22,
            23,
            24,
            25,
            26,
            32,
            34
          ],
          "true": [
            3,
            4,
            5,
            7,
            8,
            9,
            10,
            12,
            13,
            15,
            22,
            23,
            24,
            25,
            26,
            32,
            34
          ],
          "fp": [
            6
          ],
          "fn": []
        },
        {
          "file": "Image_00112022025164505881.pdf",
          "pred": [
            2,
            3,
            4,
            5,
            9,
            13,
            14,
            15
          ],
          "true": [
            2,
            3,
            4,
            5,
            12,
            14,
            15
          ],
          "fp": [
            9,
            13
          ],
          "fn": [
            12
          ]
        },
        {
          "file": "Image_00112022025165204533.pdf",
          "pred": [
            2,
            5,
            6
          ],
          "true": [
            2,
            3,
            4,
            5,
            6
          ],
          "fp": [],
          "fn": [
            3,
            4
          ]
        },
        {
          "file": "Image_00112032025082511233.pdf",
          "pred": [
            2,
            3,
            4,
            7,
            10
          ],
          "true": [
            2,
            3,
            4,
            7,
            10,
            20
          ],
          "fp": [],
          "fn": [
            20
          ]
        }
      ]
    },
    "1": {
      "TP": 32,
      "FP": 2,
      "FN": 3,
      "precision": 0.9411764705882353,
      "recall": 0.9142857142857143,
      "f1": 0.9275362318840579,
      "per_file": [
        {
          "file": "Image_00112022025163444215.pdf",
          "pred": [
            3,
            4,
            5,
            6,
            7,
            8,
            9,
            10,
            12,
            13,
            15,
            22,
            23,
            24,
            25,
            26,
            32,
            34
          ],
          "true": [
            3,
            4,
            5,
            7,
            8,
            9,
            10,
            12,
            13,
            15,
            22,
            23,
            24,
            25,
            26,
            32,
            34
          ],
          "fp": [
            6
          ],
          "fn": []
        },
        {
          "file": "Image_00112022025164505881.pdf",
          "pred": [
            2,
            3,
            4,
            5,
            9,
            13,
            14,
            15
          ],
          "true": [
            2,
            3,
            4,
            5,
            12,
            14,
            15
          ],
          "fp": [
            9
          ],
          "fn": []
        },
        {
          "file": "Image_00112022025165204533.pdf",
          "pred": [
            2,
            5,
            6
          ],
          "true": [
            2,
            3,
            4,
            5,
            6
          ],
          "fp": [],
          "fn": [
            3,
            6
          ]
        },
        {
          "file": "Image_00112032025082511233.pdf",
          "pred": [
            2,
            3,
            4,
            7,
            10
          ],
          "true": [
            2,
            3,
            4,
            7,
            10,
            20
          ],
          "fp": [],
          "fn": [
            20
          ]
        }
      ]
    }
  }
}